{
  "eval_accuracy": {
    "mean": 0.8350649400479616,
    "std": 0.009668495936982241,
    "values": [
      0.8441247002398081,
      0.82,
      0.8296,
      0.8464,
      0.8352
    ]
  },
  "eval_f1_macro": {
    "mean": 0.8299230730380687,
    "std": 0.009642693413895386,
    "values": [
      0.8389286193746893,
      0.8159916059590252,
      0.8238185781813027,
      0.8422066687540992,
      0.8286698929212272
    ]
  },
  "eval_f1_weighted": {
    "mean": 0.8352823221493308,
    "std": 0.009764936913650633,
    "values": [
      0.8444482851059278,
      0.8201558261484111,
      0.8301237066355589,
      0.8469866161169773,
      0.8346971767397792
    ]
  },
  "eval_precision_macro": {
    "mean": 0.8291427961051211,
    "std": 0.010337459896277476,
    "values": [
      0.839980879632718,
      0.8137200016811668,
      0.8214532719998863,
      0.8399985754786762,
      0.8305612517331585
    ]
  },
  "eval_recall_macro": {
    "mean": 0.8312007954213246,
    "std": 0.009267311961896115,
    "values": [
      0.83802107063489,
      0.8187974758564677,
      0.8269918416682871,
      0.8451355985881378,
      0.8270579903588408
    ]
  },
  "eval_f1_cultural_agnostic": {
    "mean": 0.8989746988656181,
    "std": 0.00846484525402762,
    "values": [
      0.9,
      0.914361001317523,
      0.890932982917214,
      0.8980132450331125,
      0.891566265060241
    ]
  },
  "eval_precision_cultural_agnostic": {
    "mean": 0.8949043061040383,
    "std": 0.012079216008609728,
    "values": [
      0.9123287671232877,
      0.9012987012987013,
      0.875968992248062,
      0.889763779527559,
      0.8951612903225806
    ]
  },
  "eval_recall_cultural_agnostic": {
    "mean": 0.9033283422459893,
    "std": 0.014752800837331517,
    "values": [
      0.888,
      0.9278074866310161,
      0.9064171122994652,
      0.9064171122994652,
      0.888
    ]
  },
  "eval_f1_cultural_representative": {
    "mean": 0.7401188309995104,
    "std": 0.019955115031180224,
    "values": [
      0.7551622418879056,
      0.7093023255813954,
      0.7293777134587555,
      0.76657060518732,
      0.7401812688821753
    ]
  },
  "eval_precision_cultural_representative": {
    "mean": 0.7325588359769813,
    "std": 0.02280661340713463,
    "values": [
      0.750733137829912,
      0.6971428571428572,
      0.7138810198300283,
      0.7471910112359551,
      0.7538461538461538
    ]
  },
  "eval_recall_cultural_representative": {
    "mean": 0.7482169508190963,
    "std": 0.02359376848752788,
    "values": [
      0.7596439169139466,
      0.7218934911242604,
      0.7455621301775148,
      0.7869822485207101,
      0.7270029673590505
    ]
  },
  "eval_f1_cultural_exclusive": {
    "mean": 0.8506756892490778,
    "std": 0.013835253619011492,
    "values": [
      0.8616236162361623,
      0.8243114909781576,
      0.8511450381679388,
      0.8620361560418649,
      0.854262144821265
    ]
  },
  "eval_precision_cultural_exclusive": {
    "mean": 0.8599652462343441,
    "std": 0.016431099752980037,
    "values": [
      0.8568807339449541,
      0.8427184466019417,
      0.8745098039215686,
      0.8830409356725146,
      0.8426763110307414
    ]
  },
  "eval_recall_cultural_exclusive": {
    "mean": 0.8420570931988882,
    "std": 0.022787336527065518,
    "values": [
      0.8664192949907236,
      0.8066914498141264,
      0.828996282527881,
      0.8420074349442379,
      0.8661710037174721
    ]
  },
  "eval_runtime": {
    "mean": 27.810900000000004,
    "std": 0.2343167172866666,
    "values": [
      27.356,
      27.8921,
      28.0166,
      27.9427,
      27.8471
    ]
  },
  "eval_samples_per_second": {
    "mean": 44.9568,
    "std": 0.3970342050755814,
    "values": [
      45.73,
      44.816,
      44.616,
      44.734,
      44.888
    ]
  },
  "eval_steps_per_second": {
    "mean": 5.6457999999999995,
    "std": 0.04794747125761691,
    "values": [
      5.739,
      5.629,
      5.604,
      5.619,
      5.638
    ]
  },
  "epoch": {
    "mean": 8.4,
    "std": 1.2,
    "values": [
      9.0,
      10.0,
      9.0,
      7.0,
      7.0
    ]
  }
}