{"train/loss": 0.02, "train/learning_rate": 1.4580143540050966e-06, "train/epoch": 9.0, "train/global_step": 2814, "_timestamp": 1760109175.990839, "_runtime": 4846.331897974014, "_step": 67, "eval/loss": 0.42617344856262207, "eval/accuracy": 0.8296, "eval/f1_macro": 0.8238185781813027, "eval/f1_weighted": 0.8301237066355589, "eval/precision_macro": 0.8214532719998863, "eval/recall_macro": 0.8269918416682871, "eval/f1_cultural_agnostic": 0.890932982917214, "eval/precision_cultural_agnostic": 0.875968992248062, "eval/recall_cultural_agnostic": 0.9064171122994652, "eval/f1_cultural_representative": 0.7293777134587555, "eval/precision_cultural_representative": 0.7138810198300283, "eval/recall_cultural_representative": 0.7455621301775148, "eval/f1_cultural_exclusive": 0.8511450381679388, "eval/precision_cultural_exclusive": 0.8745098039215686, "eval/recall_cultural_exclusive": 0.828996282527881, "eval/runtime": 28.0166, "eval/samples_per_second": 44.616, "eval/steps_per_second": 5.604, "train/train_runtime": 4809.8321, "train/train_samples_per_second": 12.477, "train/train_steps_per_second": 0.778, "train/total_flos": 4.194572362851226e+16, "train/train_loss": 0.11778683544221971, "_wandb": {"runtime": 4881}}