{
  "training": {
    "f1_macro": 0.8655062143803063,
    "f1_weighted": 0.8715117047947096,
    "precision_macro": 0.8843438729633037,
    "recall_macro": 0.8598058047479821
  },
  "validation": {
    "f1_macro": 0.6760817454907353,
    "f1_weighted": 0.6892395752015075,
    "precision_macro": 0.70049604978683,
    "recall_macro": 0.6776083431708253
  },
  "per_class_validation": {
    "cultural agnostic": {
      "precision": 0.6990740740740741,
      "recall": 0.8053333333333333,
      "f1-score": 0.748451053283767,
      "support": 375
    },
    "cultural exclusive": {
      "precision": 0.7004909983633388,
      "recall": 0.7955390334572491,
      "f1-score": 0.7449956483899043,
      "support": 538
    },
    "cultural representative": {
      "precision": 0.7019230769230769,
      "recall": 0.4319526627218935,
      "f1-score": 0.5347985347985348,
      "support": 338
    }
  }
}