{
  "timestamp": "2025-10-10 18:04:57",
  "dataset_size": 300,
  "overall_metrics": {
    "accuracy": 0.7866666666666666,
    "f1_macro": 0.767103589403241,
    "f1_weighted": 0.7826602510923069,
    "precision_macro": 0.7677953782864497,
    "precision_weighted": 0.7811483182800147,
    "recall_macro": 0.7686498977694255,
    "recall_weighted": 0.7866666666666666,
    "cohen_kappa": 0.6741012323047153
  },
  "per_class_metrics": {
    "cultural agnostic": {
      "precision": 0.8828125,
      "recall": 0.9658119658119658,
      "f1": 0.9224489795918367,
      "support": 117
    },
    "cultural exclusive": {
      "precision": 0.6756756756756757,
      "recall": 0.6578947368421053,
      "f1": 0.6666666666666667,
      "support": 76
    },
    "cultural representative": {
      "precision": 0.7448979591836735,
      "recall": 0.6822429906542056,
      "f1": 0.7121951219512195,
      "support": 107
    }
  },
  "error_analysis": {
    "cultural agnostic": {
      "total_errors": 4,
      "total_samples": 117,
      "error_rate": 3.418803418803419,
      "misclassified_as": {
        "cultural representative": 2,
        "cultural exclusive": 2
      }
    },
    "cultural exclusive": {
      "total_errors": 26,
      "total_samples": 76,
      "error_rate": 34.21052631578947,
      "misclassified_as": {
        "cultural representative": 23,
        "cultural agnostic": 3
      }
    },
    "cultural representative": {
      "total_errors": 34,
      "total_samples": 107,
      "error_rate": 31.775700934579437,
      "misclassified_as": {
        "cultural exclusive": 22,
        "cultural agnostic": 12
      }
    }
  },
  "confusion_matrix": [
    [
      113,
      2,
      2
    ],
    [
      3,
      50,
      23
    ],
    [
      12,
      22,
      73
    ]
  ],
  "confusion_matrix_normalized": [
    [
      0.9658119658119658,
      0.017094017094017096,
      0.017094017094017096
    ],
    [
      0.039473684210526314,
      0.6578947368421053,
      0.3026315789473684
    ],
    [
      0.11214953271028037,
      0.205607476635514,
      0.6822429906542056
    ]
  ],
  "classification_report": "                         precision    recall  f1-score   support\n\n      cultural agnostic     0.8828    0.9658    0.9224       117\n     cultural exclusive     0.6757    0.6579    0.6667        76\ncultural representative     0.7449    0.6822    0.7122       107\n\n               accuracy                         0.7867       300\n              macro avg     0.7678    0.7686    0.7671       300\n           weighted avg     0.7811    0.7867    0.7827       300\n"
}