{
  "accuracy": 0.52,
  "f1_macro": 0.40678334011667344,
  "f1_weighted": 0.4558890245556912,
  "confusion_matrix": [
    [
      88,
      0,
      29
    ],
    [
      8,
      1,
      67
    ],
    [
      39,
      1,
      67
    ]
  ],
  "label_mapping": {
    "cultural agnostic": 0,
    "cultural exclusive": 1,
    "cultural representative": 2
  }
}