{"train/loss": 0.0468, "train/learning_rate": 3.6702695575322347e-06, "train/epoch": 7.0, "train/global_step": 2189, "_timestamp": 1760112866.8789155, "_runtime": 3628.272064447403, "_step": 52, "eval/loss": 0.2225976139307022, "eval/accuracy": 0.8464, "eval/f1_macro": 0.8422066687540992, "eval/f1_weighted": 0.8469866161169773, "eval/precision_macro": 0.8399985754786762, "eval/recall_macro": 0.8451355985881378, "eval/f1_cultural_agnostic": 0.8980132450331125, "eval/precision_cultural_agnostic": 0.889763779527559, "eval/recall_cultural_agnostic": 0.9064171122994652, "eval/f1_cultural_representative": 0.76657060518732, "eval/precision_cultural_representative": 0.7471910112359551, "eval/recall_cultural_representative": 0.7869822485207101, "eval/f1_cultural_exclusive": 0.8620361560418649, "eval/precision_cultural_exclusive": 0.8830409356725146, "eval/recall_cultural_exclusive": 0.8420074349442379, "eval/runtime": 27.9427, "eval/samples_per_second": 44.734, "eval/steps_per_second": 5.619, "train/train_runtime": 3591.903, "train/train_samples_per_second": 16.708, "train/train_steps_per_second": 1.042, "train/total_flos": 3.262445171106509e+16, "train/train_loss": 0.15330037051218728, "_wandb": {"runtime": 3663}}