{"train/loss": 0.0207, "train/learning_rate": 7.06191261394252e-07, "train/epoch": 10.0, "train/global_step": 3127, "_timestamp": 1760104269.2023175, "_runtime": 5356.948774576187, "_step": 74, "eval/loss": 0.5015990734100342, "eval/accuracy": 0.82, "eval/f1_macro": 0.8159916059590252, "eval/f1_weighted": 0.8201558261484111, "eval/precision_macro": 0.8137200016811668, "eval/recall_macro": 0.8187974758564677, "eval/f1_cultural_agnostic": 0.914361001317523, "eval/precision_cultural_agnostic": 0.9012987012987013, "eval/recall_cultural_agnostic": 0.9278074866310161, "eval/f1_cultural_representative": 0.7093023255813954, "eval/precision_cultural_representative": 0.6971428571428572, "eval/recall_cultural_representative": 0.7218934911242604, "eval/f1_cultural_exclusive": 0.8243114909781576, "eval/precision_cultural_exclusive": 0.8427184466019417, "eval/recall_cultural_exclusive": 0.8066914498141264, "eval/runtime": 27.8921, "eval/samples_per_second": 44.816, "eval/steps_per_second": 5.629, "train/train_runtime": 5320.5188, "train/train_samples_per_second": 11.279, "train/train_steps_per_second": 0.704, "train/total_flos": 4.660635958723584e+16, "train/train_loss": 0.11397773332400638, "_wandb": {"runtime": 5392}}