{"train/loss": 0.0542, "train/learning_rate": 3.6702695575322347e-06, "train/epoch": 7.0, "train/global_step": 2189, "_timestamp": 1760116602.1226969, "_runtime": 3675.396850824356, "_step": 52, "eval/loss": 0.21909980475902557, "eval/accuracy": 0.8352, "eval/f1_macro": 0.8286698929212272, "eval/f1_weighted": 0.8346971767397792, "eval/precision_macro": 0.8305612517331585, "eval/recall_macro": 0.8270579903588408, "eval/f1_cultural_agnostic": 0.891566265060241, "eval/precision_cultural_agnostic": 0.8951612903225806, "eval/recall_cultural_agnostic": 0.888, "eval/f1_cultural_representative": 0.7401812688821753, "eval/precision_cultural_representative": 0.7538461538461538, "eval/recall_cultural_representative": 0.7270029673590505, "eval/f1_cultural_exclusive": 0.854262144821265, "eval/precision_cultural_exclusive": 0.8426763110307414, "eval/recall_cultural_exclusive": 0.8661710037174721, "eval/runtime": 27.8471, "eval/samples_per_second": 44.888, "eval/steps_per_second": 5.638, "train/train_runtime": 3638.8717, "train/train_samples_per_second": 16.492, "train/train_steps_per_second": 1.029, "train/total_flos": 3.262445171106509e+16, "train/train_loss": 0.155379535047471, "_wandb": {"runtime": 3711}}