{
  "timestamp": "2025-10-10 18:03:33",
  "dataset_size": 300,
  "overall_metrics": {
    "accuracy": 0.7666666666666667,
    "f1_macro": 0.7495238095238096,
    "f1_weighted": 0.7644793650793651,
    "precision_macro": 0.7496496022425457,
    "precision_weighted": 0.7629699436590273,
    "recall_macro": 0.7500189186121305,
    "recall_weighted": 0.7666666666666667,
    "cohen_kappa": 0.6438504850417204
  },
  "per_class_metrics": {
    "cultural agnostic": {
      "precision": 0.8780487804878049,
      "recall": 0.9230769230769231,
      "f1": 0.9,
      "support": 117
    },
    "cultural exclusive": {
      "precision": 0.6621621621621622,
      "recall": 0.6447368421052632,
      "f1": 0.6533333333333333,
      "support": 76
    },
    "cultural representative": {
      "precision": 0.7087378640776699,
      "recall": 0.6822429906542056,
      "f1": 0.6952380952380953,
      "support": 107
    }
  },
  "error_analysis": {
    "cultural agnostic": {
      "total_errors": 9,
      "total_samples": 117,
      "error_rate": 7.6923076923076925,
      "misclassified_as": {
        "cultural representative": 5,
        "cultural exclusive": 4
      }
    },
    "cultural exclusive": {
      "total_errors": 27,
      "total_samples": 76,
      "error_rate": 35.526315789473685,
      "misclassified_as": {
        "cultural representative": 25,
        "cultural agnostic": 2
      }
    },
    "cultural representative": {
      "total_errors": 34,
      "total_samples": 107,
      "error_rate": 31.775700934579437,
      "misclassified_as": {
        "cultural exclusive": 21,
        "cultural agnostic": 13
      }
    }
  },
  "confusion_matrix": [
    [
      108,
      4,
      5
    ],
    [
      2,
      49,
      25
    ],
    [
      13,
      21,
      73
    ]
  ],
  "confusion_matrix_normalized": [
    [
      0.9230769230769231,
      0.03418803418803419,
      0.042735042735042736
    ],
    [
      0.02631578947368421,
      0.6447368421052632,
      0.32894736842105265
    ],
    [
      0.12149532710280374,
      0.19626168224299065,
      0.6822429906542056
    ]
  ],
  "classification_report": "                         precision    recall  f1-score   support\n\n      cultural agnostic     0.8780    0.9231    0.9000       117\n     cultural exclusive     0.6622    0.6447    0.6533        76\ncultural representative     0.7087    0.6822    0.6952       107\n\n               accuracy                         0.7667       300\n              macro avg     0.7496    0.7500    0.7495       300\n           weighted avg     0.7630    0.7667    0.7645       300\n"
}