{"train/loss": 0.0245, "train/learning_rate": 1.4580143540050966e-06, "train/epoch": 9.0, "train/global_step": 2812, "_timestamp": 1760098850.1961641, "_runtime": 4694.3598692417145, "_step": 67, "eval/loss": 0.3598393201828003, "eval/accuracy": 0.8441247002398081, "eval/f1_macro": 0.8389286193746893, "eval/f1_weighted": 0.8444482851059278, "eval/precision_macro": 0.839980879632718, "eval/recall_macro": 0.83802107063489, "eval/f1_cultural_agnostic": 0.9, "eval/precision_cultural_agnostic": 0.9123287671232877, "eval/recall_cultural_agnostic": 0.888, "eval/f1_cultural_representative": 0.7551622418879056, "eval/precision_cultural_representative": 0.750733137829912, "eval/recall_cultural_representative": 0.7596439169139466, "eval/f1_cultural_exclusive": 0.8616236162361623, "eval/precision_cultural_exclusive": 0.8568807339449541, "eval/recall_cultural_exclusive": 0.8664192949907236, "eval/runtime": 27.356, "eval/samples_per_second": 45.73, "eval/steps_per_second": 5.739, "train/train_runtime": 4657.4972, "train/train_samples_per_second": 12.882, "train/train_steps_per_second": 0.804, "train/total_flos": 4.193733616128e+16, "train/train_loss": 0.13017414117054443, "_wandb": {"runtime": 4731}}